"Recall","Precision"
"1","0.7446236559139785"
"0.9990974729241877","0.7444519166106254"
"0.9990974729241877","0.7449528936742934"
"0.9990974729241877","0.7454545454545455"
"0.9990974729241877","0.7459568733153639"
"0.9990974729241877","0.74645987862441"
"0.9981949458483754","0.7462887989203779"
"0.9972924187725631","0.7461174881836596"
"0.9963898916967509","0.745945945945946"
"0.9963898916967509","0.7464503042596349"
"0.9963898916967509","0.7469553450608931"
"0.9963898916967509","0.7474610697359513"
"0.9963898916967509","0.7479674796747967"
"0.9963898916967509","0.7484745762711864"
"0.9963898916967509","0.7489823609226595"
"0.9963898916967509","0.7494908350305499"
"0.9954873646209387","0.7493206521739131"
"0.9945848375451264","0.7491502379333786"
"0.9945848375451264","0.7496598639455783"
"0.9945848375451264","0.7501701837985024"
"0.9936823104693141","0.75"
"0.9936823104693141","0.7505112474437627"
"0.9927797833935018","0.7503410641200545"
"0.9927797833935018","0.7508532423208191"
"0.9918772563176895","0.7506830601092896"
"0.9918772563176895","0.7511961722488039"
"0.9918772563176895","0.7517099863201094"
"0.9918772563176895","0.7522245037645449"
"0.9918772563176895","0.7527397260273972"
"0.9918772563176895","0.7532556545579164"
"0.9918772563176895","0.7537722908093278"
"0.9909747292418772","0.7536032944406315"
"0.990072202166065","0.7534340659340659"
"0.9891696750902527","0.7532646048109966"
"0.9882671480144405","0.7530949105914718"
"0.9873646209386282","0.7529249827942188"
"0.9864620938628159","0.7527548209366391"
"0.9855595667870036","0.7525844245348036"
"0.9855595667870036","0.7531034482758621"
"0.9846570397111913","0.7529330572808833"
"0.983754512635379","0.7527624309392266"
"0.983754512635379","0.7532826537664132"
"0.983754512635379","0.7538035961272476"
"0.9828519855595668","0.7536332179930796"
"0.9819494584837545","0.7534626038781164"
"0.9819494584837545","0.753984753984754"
"0.9819494584837545","0.7545076282940361"
"0.9819494584837545","0.7550312283136711"
"0.9810469314079422","0.7548611111111111"
"0.9810469314079422","0.7553856845031272"
"0.98014440433213","0.7552155771905424"
"0.9792418772563177","0.7550452331245651"
"0.9783393501805054","0.754874651810585"
"0.9783393501805054","0.7554006968641115"
"0.9783393501805054","0.7559274755927475"
"0.9783393501805054","0.7564549895324494"
"0.9774368231046932","0.7562849162011173"
"0.9765342960288809","0.756114605171209"
"0.9756317689530686","0.7559440559440559"
"0.9756317689530686","0.7564730580825753"
"0.9756317689530686","0.7570028011204482"
"0.9747292418772563","0.7568325157673441"
"0.9747292418772563","0.7573632538569425"
"0.9747292418772563","0.7578947368421053"
"0.973826714801444","0.7577247191011236"
"0.9729241877256317","0.7575544624033732"
"0.9720216606498195","0.7573839662447257"
"0.9711191335740073","0.757213230119634"
"0.970216606498195","0.7570422535211268"
"0.970216606498195","0.7575757575757576"
"0.9693140794223827","0.7574047954866009"
"0.9693140794223827","0.757939308398024"
"0.9693140794223827","0.7584745762711864"
"0.9693140794223827","0.7590106007067138"
"0.9684115523465704","0.7588401697312589"
"0.9684115523465704","0.759377211606511"
"0.9684115523465704","0.759915014164306"
"0.9684115523465704","0.7604535790219702"
"0.9684115523465704","0.7609929078014185"
"0.9675090252707581","0.7608232789212207"
"0.9666064981949458","0.7606534090909091"
"0.9666064981949458","0.7611940298507462"
"0.9666064981949458","0.7617354196301565"
"0.9657039711191335","0.7615658362989324"
"0.9657039711191335","0.7621082621082621"
"0.9657039711191335","0.7626514611546685"
"0.9657039711191335","0.7631954350927247"
"0.9657039711191335","0.7637401855817273"
"0.9657039711191335","0.7642857142857142"
"0.9657039711191335","0.7648320228734811"
"0.9657039711191335","0.765379113018598"
"0.9648014440433214","0.7652111667859699"
"0.9648014440433214","0.7657593123209169"
"0.9648014440433214","0.7663082437275985"
"0.9648014440433214","0.766857962697274"
"0.9638989169675091","0.7666905958363245"
"0.9629963898916968","0.7665229885057471"
"0.9629963898916968","0.7670740474478792"
"0.9620938628158845","0.7669064748201438"
"0.9611913357400722","0.7667386609071274"
"0.9611913357400722","0.7672910662824207"
"0.9611913357400722","0.7678442682047585"
"0.9611913357400722","0.7683982683982684"
"0.9611913357400722","0.7689530685920578"
"0.9611913357400722","0.7695086705202312"
"0.9611913357400722","0.7700650759219089"
"0.9602888086642599","0.7698986975397974"
"0.9602888086642599","0.7704561911658219"
"0.9602888086642599","0.7710144927536232"
"0.9593862815884476","0.7708484408992023"
"0.9584837545126353","0.7706821480406386"
"0.9575812274368231","0.7705156136528686"
"0.9566787003610109","0.7703488372093024"
"0.9566787003610109","0.7709090909090909"
"0.9557761732851986","0.7707423580786026"
"0.9548736462093863","0.7705753823743627"
"0.9548736462093863","0.7711370262390671"
"0.9548736462093863","0.7716994894237783"
"0.953971119133574","0.7715328467153285"
"0.953971119133574","0.7720964207450693"
"0.953971119133574","0.7726608187134503"
"0.9530685920577617","0.7724945135332846"
"0.9521660649819494","0.7723279648609077"
"0.9512635379061372","0.7721611721611722"
"0.9503610108303249","0.7719941348973607"
"0.9494584837545126","0.7718268525311812"
"0.9494584837545126","0.7723935389133627"
"0.9494584837545126","0.7729610580455547"
"0.9485559566787004","0.7727941176470589"
"0.9485559566787004","0.7733627667402502"
"0.9476534296028881","0.7731958762886598"
"0.9467509025270758","0.7730287398673544"
"0.9467509025270758","0.773598820058997"
"0.9458483754512635","0.7734317343173431"
"0.9458483754512635","0.7740029542097489"
"0.9458483754512635","0.7745750184774575"
"0.9458483754512635","0.7751479289940828"
"0.9458483754512635","0.7757216876387861"
"0.9458483754512635","0.7762962962962963"
"0.9458483754512635","0.7768717568569311"
"0.9458483754512635","0.7774480712166172"
"0.9458483754512635","0.7780252412769116"
"0.9458483754512635","0.7786032689450223"
"0.9449458483754513","0.7784386617100372"
"0.9449458483754513","0.7790178571428571"
"0.9449458483754513","0.7795979151154132"
"0.944043321299639","0.7794336810730254"
"0.944043321299639","0.7800149142431022"
"0.944043321299639","0.7805970149253731"
"0.944043321299639","0.7811799850634802"
"0.944043321299639","0.7817638266068759"
"0.944043321299639","0.7823485415108452"
"0.9431407942238267","0.782185628742515"
"0.9422382671480144","0.7820224719101123"
"0.9422382671480144","0.782608695652174"
"0.9422382671480144","0.7831957989497375"
"0.9422382671480144","0.7837837837837838"
"0.9422382671480144","0.7843726521412472"
"0.9413357400722022","0.7842105263157895"
"0.9404332129963899","0.7840481565086531"
"0.9395306859205776","0.7838855421686747"
"0.9386281588447654","0.7837226827430294"
"0.9377256317689531","0.7835595776772247"
"0.9368231046931408","0.7833962264150943"
"0.9368231046931408","0.783987915407855"
"0.9359205776173285","0.7838246409674982"
"0.9350180505415162","0.783661119515885"
"0.9350180505415162","0.7842543527630583"
"0.9350180505415162","0.7848484848484848"
"0.9341155234657039","0.7846853677028052"
"0.9341155234657039","0.7852807283763278"
"0.9332129963898917","0.7851176917236142"
"0.9323104693140795","0.7849544072948328"
"0.9314079422382672","0.7847908745247149"
"0.9314079422382672","0.7853881278538812"
"0.9314079422382672","0.785986290936786"
"0.9305054151624549","0.7858231707317073"
"0.9305054151624549","0.7864225781845919"
"0.9296028880866426","0.7862595419847328"
"0.9296028880866426","0.7868601986249045"
"0.9296028880866426","0.7874617737003058"
"0.9296028880866426","0.7880642693190513"
"0.9296028880866426","0.7886676875957122"
"0.9296028880866426","0.789272030651341"
"0.9296028880866426","0.7898773006134969"
"0.9296028880866426","0.7904834996162702"
"0.9287003610108303","0.7903225806451613"
"0.9287003610108303","0.7909300538047656"
"0.9287003610108303","0.7915384615384615"
"0.9287003610108303","0.792147806004619"
"0.9287003610108303","0.7927580893682589"
"0.9287003610108303","0.7933693138010794"
"0.927797833935018","0.7932098765432098"
"0.9268953068592057","0.7930501930501931"
"0.9268953068592057","0.7936630602782071"
"0.9259927797833934","0.7935034802784223"
"0.9259927797833934","0.7941176470588235"
"0.9250902527075813","0.7939581719597212"
"0.9250902527075813","0.7945736434108527"
"0.9250902527075813","0.7951900698215671"
"0.924187725631769","0.7950310559006211"
"0.924187725631769","0.7956487956487956"
"0.9232851985559567","0.7954898911353032"
"0.9223826714801444","0.7953307392996108"
"0.9223826714801444","0.7959501557632399"
"0.9223826714801444","0.7965705378020265"
"0.9223826714801444","0.797191887675507"
"0.9214801444043321","0.7970335675253708"
"0.9214801444043321","0.79765625"
"0.9205776173285198","0.7974980453479281"
"0.9205776173285198","0.7981220657276995"
"0.9196750902527075","0.79796397807361"
"0.9187725631768953","0.7978056426332288"
"0.9178700361010831","0.7976470588235294"
"0.9178700361010831","0.7982731554160125"
"0.9178700361010831","0.7989002356637863"
"0.9169675090252708","0.7987421383647799"
"0.9160649819494585","0.7985837922895358"
"0.9151624548736462","0.7984251968503937"
"0.9142599277978339","0.7982663514578409"
"0.9142599277978339","0.7988958990536278"
"0.9133574007220217","0.7987371744277821"
"0.9133574007220217","0.7993680884676145"
"0.9133574007220217","0.8"
"0.9133574007220217","0.8006329113924051"
"0.9133574007220217","0.8012668250197942"
"0.9124548736462094","0.8011093502377179"
"0.9115523465703971","0.8009516256938938"
"0.9106498194945848","0.8007936507936508"
"0.9097472924187726","0.8006354249404289"
"0.9097472924187726","0.8012718600953895"
"0.9088447653429603","0.8011137629276054"
"0.907942238267148","0.8009554140127388"
"0.907942238267148","0.801593625498008"
"0.9070397111913358","0.8014354066985646"
"0.9061371841155235","0.8012769353551477"
"0.9052346570397112","0.8011182108626198"
"0.9052346570397112","0.8017585931254996"
"0.9043321299638989","0.8016"
"0.9043321299638989","0.8022417934347478"
"0.9034296028880866","0.8020833333333334"
"0.9034296028880866","0.8027265437048917"
"0.9034296028880866","0.8033707865168539"
"0.9034296028880866","0.8040160642570281"
"0.9025270758122743","0.8038585209003215"
"0.9025270758122743","0.8045052292839904"
"0.9025270758122743","0.8051529790660226"
"0.9016245487364621","0.8049959709911362"
"0.9016245487364621","0.8056451612903226"
"0.9016245487364621","0.8062953995157385"
"0.9007220216606499","0.8061389337641357"
"0.8998194945848376","0.8059822150363783"
"0.8998194945848376","0.8066343042071198"
"0.8989169675090253","0.8064777327935223"
"0.8989169675090253","0.807131280388979"
"0.8989169675090253","0.8077858880778589"
"0.898014440433213","0.8076298701298701"
"0.8971119133574007","0.8074735987002437"
"0.8962093862815884","0.8073170731707318"
"0.8953068592057761","0.807160292921074"
"0.8953068592057761","0.8078175895765473"
"0.8953068592057761","0.8084759576202118"
"0.894404332129964","0.8083197389885808"
"0.8935018050541517","0.8081632653061225"
"0.8925992779783394","0.8080065359477124"
"0.8916967509025271","0.8078495502861816"
"0.8907942238267148","0.8076923076923077"
"0.8898916967509025","0.8075348075348076"
"0.8898916967509025","0.8081967213114755"
"0.8898916967509025","0.8088597210828548"
"0.8898916967509025","0.8095238095238095"
"0.8898916967509025","0.8101889893179951"
"0.8889891696750902","0.8100328947368421"
"0.8889891696750902","0.8106995884773662"
"0.8889891696750902","0.8113673805601318"
"0.8889891696750902","0.8120362737015664"
"0.8880866425992779","0.8118811881188119"
"0.8871841155234657","0.8117258464079273"
"0.8871841155234657","0.812396694214876"
"0.8862815884476535","0.8122415219189413"
"0.8853790613718412","0.8120860927152318"
"0.8844765342960289","0.8119304059652029"
"0.8835740072202166","0.8117744610281924"
"0.8826714801444043","0.8116182572614108"
"0.881768953068592","0.8114617940199336"
"0.8808664259927798","0.8113050706566916"
"0.8808664259927798","0.8119800332778702"
"0.8808664259927798","0.8126561199000832"
"0.8799638989169675","0.8125"
"0.8799638989169675","0.8131776480400333"
"0.8790613718411552","0.8130217028380634"
"0.8790613718411552","0.8137009189640768"
"0.8790613718411552","0.81438127090301"
"0.878158844765343","0.8142259414225942"
"0.8772563176895307","0.8140703517587939"
"0.8763537906137184","0.8139145012573344"
"0.8754512635379061","0.8137583892617449"
"0.8745487364620939","0.8136020151133502"
"0.8736462093862816","0.8134453781512605"
"0.8736462093862816","0.8141295206055509"
"0.8727436823104693","0.813973063973064"
"0.8727436823104693","0.814658803706824"
"0.871841155234657","0.8145025295109612"
"0.871841155234657","0.8151898734177215"
"0.871841155234657","0.8158783783783784"
"0.8709386281588448","0.8157227387996618"
"0.8700361010830325","0.8155668358714044"
"0.8691335740072202","0.8154106689246401"
"0.868231046931408","0.8152542372881356"
"0.8673285198555957","0.81509754028838"
"0.8673285198555957","0.8157894736842105"
"0.8673285198555957","0.816482582837723"
"0.8673285198555957","0.8171768707482994"
"0.8664259927797834","0.8170212765957446"
"0.8655234657039711","0.8168654173764907"
"0.8646209386281588","0.8167092924126172"
"0.8637184115523465","0.8165529010238908"
"0.8637184115523465","0.8172502134927413"
"0.8637184115523465","0.8179487179487179"
"0.8628158844765343","0.8177929854576561"
"0.8628158844765343","0.8184931506849316"
"0.8619133574007221","0.818337617823479"
"0.8610108303249098","0.8181818181818182"
"0.8601083032490975","0.8180257510729614"
"0.8592057761732852","0.8178694158075601"
"0.8583032490974729","0.8177128116938951"
"0.8574007220216606","0.8175559380378657"
"0.8564981949458483","0.8173987941429802"
"0.8564981949458483","0.8181034482758621"
"0.855595667870036","0.817946505608283"
"0.855595667870036","0.8186528497409327"
"0.855595667870036","0.8193604148660328"
"0.855595667870036","0.8200692041522492"
"0.855595667870036","0.8207792207792208"
"0.8546931407942239","0.8206239168110918"
"0.8537906137184116","0.8204683434518647"
"0.8528880866425993","0.8203125"
"0.8528880866425993","0.8210251954821894"
"0.851985559566787","0.8208695652173913"
"0.8510830324909747","0.8207136640557006"
"0.8501805054151624","0.8205574912891986"
"0.8492779783393501","0.8204010462074979"
"0.8483754512635379","0.8202443280977313"
"0.8474729241877257","0.8200873362445414"
"0.8465703971119134","0.8199300699300699"
"0.8456678700361011","0.8197725284339458"
"0.8447653429602888","0.819614711033275"
"0.8438628158844765","0.8194566170026293"
"0.8429602888086642","0.8192982456140351"
"0.842057761732852","0.8191395961369623"
"0.842057761732852","0.819859402460457"
"0.842057761732852","0.820580474934037"
"0.842057761732852","0.8213028169014085"
"0.842057761732852","0.8220264317180617"
"0.8411552346570397","0.8218694885361552"
"0.8402527075812274","0.8217122683142101"
"0.8393501805054152","0.8215547703180212"
"0.8393501805054152","0.8222811671087533"
"0.8384476534296029","0.8221238938053097"
"0.8384476534296029","0.8228520814880426"
"0.8384476534296029","0.8235815602836879"
"0.8384476534296029","0.8243123336291038"
"0.8384476534296029","0.8250444049733571"
"0.8384476534296029","0.8257777777777778"
"0.8384476534296029","0.8265124555160143"
"0.8375451263537906","0.8263579697239537"
"0.8366425992779783","0.8262032085561497"
"0.8357400722021661","0.8260481712756468"
"0.8357400722021661","0.8267857142857142"
"0.8357400722021661","0.8275245755138516"
"0.8357400722021661","0.8282647584973166"
"0.8348375451263538","0.8281110116383169"
"0.8339350180505415","0.8279569892473119"
"0.8330324909747292","0.8278026905829596"
"0.8321299638989169","0.8276481149012568"
"0.8312274368231047","0.8274932614555256"
"0.8303249097472925","0.8273381294964028"
"0.8294223826714802","0.8271827182718272"
"0.8285198555956679","0.827027027027027"
"0.8276173285198556","0.8268710550045085"
"0.8267148014440433","0.8267148014440433"
"0.8267148014440433","0.8274616079494128"
"0.8267148014440433","0.8282097649186256"
"0.8267148014440433","0.8289592760180996"
"0.825812274368231","0.8288043478260869"
"0.8249097472924187","0.828649138712602"
"0.8240072202166066","0.8284936479128857"
"0.8231046931407943","0.8283378746594006"
"0.822202166064982","0.8281818181818181"
"0.8212996389891697","0.8280254777070064"
"0.8212996389891697","0.8287795992714025"
"0.8212996389891697","0.8295350957155879"
"0.8203971119133574","0.8293795620437956"
"0.8194945848375451","0.8292237442922374"
"0.8185920577617328","0.8290676416819013"
"0.8176895306859205","0.8289112534309241"
"0.8167870036101083","0.8287545787545788"
"0.8167870036101083","0.8295142071494043"
"0.8158844765342961","0.8293577981651377"
"0.8149819494584838","0.8292011019283747"
"0.8149819494584838","0.8299632352941176"
"0.8149819494584838","0.8307267709291628"
"0.8140794223826715","0.8305709023941068"
"0.8140794223826715","0.8313364055299539"
"0.8131768953068592","0.8311808118081181"
"0.8122743682310469","0.8310249307479224"
"0.8122743682310469","0.8317929759704251"
"0.8113718411552346","0.8316373728029602"
"0.8104693140794224","0.8314814814814815"
"0.8095667870036101","0.8313253012048193"
"0.8086642599277978","0.8311688311688312"
"0.8077617328519856","0.8310120705663882"
"0.8077617328519856","0.8317843866171004"
"0.8068592057761733","0.8316279069767442"
"0.805956678700361","0.8314711359404097"
"0.8050541516245487","0.8313140726933831"
"0.8041516245487365","0.8311567164179104"
"0.8032490974729242","0.830999066293184"
"0.8023465703971119","0.8308411214953271"
"0.8023465703971119","0.8316183348924229"
"0.8023465703971119","0.8323970037453183"
"0.8014440433212996","0.8322399250234301"
"0.8005415162454874","0.8320825515947468"
"0.7996389891696751","0.831924882629108"
"0.7987364620938628","0.831766917293233"
"0.7987364620938628","0.8325493885230479"
"0.7987364620938628","0.8333333333333334"
"0.7987364620938628","0.8341187558906692"
"0.7987364620938628","0.8349056603773585"
"0.7978339350180506","0.8347497639282342"
"0.7978339350180506","0.8355387523629489"
"0.7978339350180506","0.836329233680227"
"0.7969314079422383","0.8361742424242424"
"0.796028880866426","0.8360189573459715"
"0.7951263537906137","0.8358633776091081"
"0.7942238267148014","0.835707502374169"
"0.7942238267148014","0.8365019011406845"
"0.7933212996389891","0.8363463368220743"
"0.7933212996389891","0.8371428571428572"
"0.7924187725631769","0.8369876072449952"
"0.7915162454873647","0.8368320610687023"
"0.7915162454873647","0.8376313276026743"
"0.7915162454873647","0.8384321223709369"
"0.7906137184115524","0.8382775119617225"
"0.7897111913357401","0.8381226053639846"
"0.7888086642599278","0.837967401725791"
"0.7879061371841155","0.8378119001919386"
"0.7870036101083032","0.8376560999039385"
"0.7861010830324909","0.8375"
"0.7851985559566786","0.8373435996150145"
"0.7842960288808665","0.8371868978805395"
"0.7833935018050542","0.837029893924783"
"0.7833935018050542","0.8378378378378378"
"0.7833935018050542","0.8386473429951691"
"0.7824909747292419","0.8384912959381045"
"0.7815884476534296","0.8383349467570184"
"0.7806859205776173","0.8381782945736435"
"0.779783393501805","0.8380213385063046"
"0.7788808664259927","0.8378640776699029"
"0.7779783393501805","0.8377065111758989"
"0.7770758122743683","0.8375486381322957"
"0.7770758122743683","0.8383641674780915"
"0.7770758122743683","0.8391812865497076"
"0.7770758122743683","0.84"
"0.7770758122743683","0.8408203125"
"0.776173285198556","0.8406647116324536"
"0.776173285198556","0.8414872798434442"
"0.776173285198556","0.8423114593535749"
"0.7752707581227437","0.842156862745098"
"0.7743682310469314","0.8420019627085378"
"0.7734657039711191","0.8418467583497053"
"0.7734657039711191","0.8426745329400197"
"0.7734657039711191","0.843503937007874"
"0.7725631768953068","0.8433497536945813"
"0.7725631768953068","0.8441814595660749"
"0.7725631768953068","0.8450148075024679"
"0.7725631768953068","0.8458498023715415"
"0.7716606498194946","0.8456973293768546"
"0.7707581227436823","0.8455445544554455"
"0.7707581227436823","0.846382556987116"
"0.7707581227436823","0.8472222222222222"
"0.7707581227436823","0.8480635551142006"
"0.7707581227436823","0.8489065606361829"
"0.7707581227436823","0.8497512437810946"
"0.76985559566787","0.849601593625498"
"0.7689530685920578","0.8494516450648056"
"0.7680505415162455","0.8493013972055888"
"0.7671480144404332","0.8491508491508492"
"0.7671480144404332","0.85"
"0.766245487364621","0.8498498498498499"
"0.766245487364621","0.8507014028056112"
"0.766245487364621","0.8515546639919759"
"0.766245487364621","0.8524096385542169"
"0.7653429602888087","0.8522613065326633"
"0.7644404332129964","0.852112676056338"
"0.7635379061371841","0.851963746223565"
"0.7635379061371841","0.8528225806451613"
"0.7635379061371841","0.8536831483350151"
"0.7626353790613718","0.8535353535353535"
"0.7617328519855595","0.8533872598584429"
"0.7617328519855595","0.854251012145749"
"0.7608303249097473","0.8541033434650456"
"0.7608303249097473","0.8549695740365112"
"0.759927797833935","0.8548223350253807"
"0.759927797833935","0.8556910569105691"
"0.759927797833935","0.8565615462868769"
"0.759927797833935","0.8574338085539714"
"0.7590252707581228","0.8572884811416922"
"0.7590252707581228","0.8581632653061224"
"0.7581227436823105","0.8580183861082737"
"0.7572202166064982","0.8578732106339468"
"0.7563176895306859","0.857727737973388"
"0.7554151624548736","0.8575819672131147"
"0.7554151624548736","0.8584615384615385"
"0.7545126353790613","0.8583162217659137"
"0.7545126353790613","0.8591983556012333"
"0.7536101083032491","0.8590534979423868"
"0.7527075812274369","0.858908341915551"
"0.7527075812274369","0.8597938144329897"
"0.7518050541516246","0.8596491228070176"
"0.7509025270758123","0.859504132231405"
"0.75","0.859358841778697"
"0.7490974729241877","0.8592132505175983"
"0.7481949458483754","0.8590673575129534"
"0.7472924187725631","0.8589211618257261"
"0.7472924187725631","0.8598130841121495"
"0.7472924187725631","0.8607068607068608"
"0.7463898916967509","0.8605619146722164"
"0.7463898916967509","0.8614583333333333"
"0.7454873646209387","0.8613138686131386"
"0.7445848375451264","0.8611691022964509"
"0.7436823104693141","0.8610240334378265"
"0.7427797833935018","0.8608786610878661"
"0.7418772563176895","0.8607329842931937"
"0.7418772563176895","0.8616352201257862"
"0.7418772563176895","0.8625393494228751"
"0.7418772563176895","0.8634453781512605"
"0.7409747292418772","0.8633017875920084"
"0.740072202166065","0.8631578947368421"
"0.740072202166065","0.8640674394099052"
"0.7391696750902527","0.8639240506329114"
"0.7382671480144405","0.8637803590285111"
"0.7373646209386282","0.8636363636363636"
"0.7373646209386282","0.8645502645502645"
"0.7364620938628159","0.864406779661017"
"0.7355595667870036","0.8642629904559915"
"0.7355595667870036","0.8651804670912951"
"0.7355595667870036","0.8660998937300743"
"0.7346570397111913","0.8659574468085106"
"0.733754512635379","0.865814696485623"
"0.7328519855595668","0.8656716417910447"
"0.7319494584837545","0.8655282817502669"
"0.7310469314079422","0.8653846153846154"
"0.73014440433213","0.8652406417112299"
"0.7292418772563177","0.8650963597430407"
"0.7283393501805054","0.864951768488746"
"0.7274368231046932","0.8648068669527897"
"0.7265342960288809","0.8646616541353384"
"0.7256317689530686","0.864516129032258"
"0.7247292418772563","0.8643702906350915"
"0.723826714801444","0.8642241379310345"
"0.7229241877256317","0.8640776699029126"
"0.7220216606498195","0.8639308855291576"
"0.7211191335740073","0.8637837837837837"
"0.7211191335740073","0.8647186147186147"
"0.720216606498195","0.8645720476706392"
"0.7193140794223827","0.8644251626898047"
"0.7193140794223827","0.8653637350705755"
"0.7193140794223827","0.866304347826087"
"0.7184115523465704","0.8661588683351469"
"0.7175090252707581","0.8660130718954249"
"0.7175090252707581","0.8669574700109052"
"0.7175090252707581","0.8679039301310044"
"0.7166064981949458","0.8677595628415301"
"0.7166064981949458","0.8687089715536105"
"0.7166064981949458","0.8696604600219058"
"0.7157039711191335","0.8695175438596491"
"0.7148014440433214","0.8693743139407245"
"0.7138989169675091","0.8692307692307693"
"0.7129963898916968","0.8690869086908691"
"0.7120938628158845","0.8689427312775331"
"0.7111913357400722","0.8687982359426681"
"0.7102888086642599","0.8686534216335541"
"0.7102888086642599","0.8696132596685083"
"0.7102888086642599","0.870575221238938"
"0.7102888086642599","0.8715393133997785"
"0.7093862815884476","0.8713968957871396"
"0.7084837545126353","0.8712541620421753"
"0.7075812274368231","0.8711111111111111"
"0.7066787003610109","0.8709677419354839"
"0.7057761732851986","0.8708240534521158"
"0.7057761732851986","0.8717948717948718"
"0.7057761732851986","0.8727678571428571"
"0.7048736462093863","0.8726256983240224"
"0.703971119133574","0.87248322147651"
"0.7030685920577617","0.8723404255319149"
"0.7030685920577617","0.8733183856502242"
"0.7021660649819494","0.8731762065095399"
"0.7012635379061372","0.8730337078651685"
"0.7003610108303249","0.8728908886389202"
"0.6994584837545126","0.8727477477477478"
"0.6985559566787004","0.8726042841037204"
"0.6976534296028881","0.8724604966139955"
"0.6967509025270758","0.8723163841807909"
"0.6958483754512635","0.8721719457013575"
"0.6949458483754513","0.8720271800679502"
"0.694043321299639","0.8718820861678005"
"0.6931407942238267","0.8717366628830874"
"0.6922382671480144","0.8715909090909091"
"0.6913357400722022","0.8714448236632537"
"0.6904332129963899","0.8712984054669703"
"0.6895306859205776","0.87115165336374"
"0.6886281588447654","0.8710045662100456"
"0.6886281588447654","0.872"
"0.6877256317689531","0.8718535469107551"
"0.6868231046931408","0.8717067583046965"
"0.6859205776173285","0.8715596330275229"
"0.6850180505415162","0.8714121699196326"
"0.6841155234657039","0.871264367816092"
"0.6841155234657039","0.8722669735327964"
"0.6841155234657039","0.8732718894009217"
"0.6841155234657039","0.8742791234140715"
"0.6841155234657039","0.8752886836027713"
"0.6841155234657039","0.8763005780346821"
"0.6841155234657039","0.8773148148148148"
"0.6841155234657039","0.8783314020857474"
"0.6832129963898917","0.8781902552204176"
"0.6832129963898917","0.8792102206736353"
"0.6832129963898917","0.8802325581395349"
"0.6823104693140795","0.880093131548312"
"0.6814079422382672","0.87995337995338"
"0.6805054151624549","0.8798133022170361"
"0.6796028880866426","0.8796728971962616"
"0.6787003610108303","0.87953216374269"
"0.6787003610108303","0.8805620608899297"
"0.677797833935018","0.88042203985932"
"0.6768953068592057","0.8802816901408451"
"0.6759927797833934","0.8801410105757932"
"0.6759927797833934","0.8811764705882353"
"0.6759927797833934","0.8822143698468787"
"0.6750902527075813","0.8820754716981132"
"0.674187725631769","0.8819362455726092"
"0.6732851985559567","0.8817966903073287"
"0.6732851985559567","0.8828402366863906"
"0.6723826714801444","0.8827014218009479"
"0.6714801444043321","0.8825622775800712"
"0.6705776173285198","0.8824228028503563"
"0.6696750902527075","0.882282996432818"
"0.6687725631768953","0.8821428571428571"
"0.6678700361010831","0.8820023837902264"
"0.6678700361010831","0.883054892601432"
"0.6669675090252708","0.8829151732377539"
"0.6669675090252708","0.8839712918660287"
"0.6660649819494585","0.8838323353293414"
"0.6651624548736462","0.8836930455635491"
"0.6642599277978339","0.8835534213685474"
"0.6642599277978339","0.8846153846153846"
"0.6642599277978339","0.8856799037304453"
"0.6642599277978339","0.8867469879518072"
"0.6633574007220217","0.8866103739445115"
"0.6624548736462094","0.8864734299516909"
"0.6615523465703971","0.8863361547762999"
"0.6606498194945848","0.8861985472154964"
"0.6597472924187726","0.8860606060606061"
"0.6597472924187726","0.8871359223300971"
"0.6597472924187726","0.8882138517618469"
"0.6597472924187726","0.889294403892944"
"0.6588447653429603","0.8891595615103532"
"0.657942238267148","0.8890243902439025"
"0.6570397111913358","0.8888888888888888"
"0.6561371841155235","0.8887530562347188"
"0.6552346570397112","0.8886168910648715"
"0.6552346570397112","0.8897058823529411"
"0.6552346570397112","0.8907975460122699"
"0.6552346570397112","0.8918918918918919"
"0.6543321299638989","0.8917589175891759"
"0.6534296028880866","0.8916256157635468"
"0.6525270758122743","0.8914919852034525"
"0.6516245487364621","0.891358024691358"
"0.6507220216606499","0.8912237330037083"
"0.6498194945848376","0.8910891089108911"
"0.6489169675090253","0.8909541511771994"
"0.648014440433213","0.890818858560794"
"0.6471119133574007","0.8906832298136645"
"0.6471119133574007","0.8917910447761194"
"0.6471119133574007","0.8929016189290162"
"0.6471119133574007","0.8940149625935162"
"0.6471119133574007","0.8951310861423221"
"0.6462093862815884","0.895"
"0.6453068592057761","0.8948685857321652"
"0.6453068592057761","0.8959899749373433"
"0.6453068592057761","0.8971141781681304"
"0.644404332129964","0.8969849246231156"
"0.6435018050541517","0.8968553459119497"
"0.6435018050541517","0.8979848866498741"
"0.6435018050541517","0.8991172761664565"
"0.6425992779783394","0.898989898989899"
"0.6416967509025271","0.8988621997471555"
"0.6407942238267148","0.8987341772151899"
"0.6398916967509025","0.8986058301647655"
"0.6389891696750902","0.8984771573604061"
"0.6380866425992779","0.8983481575603558"
"0.6371841155234657","0.8982188295165394"
"0.6362815884476535","0.8980891719745223"
"0.6353790613718412","0.8979591836734694"
"0.6353790613718412","0.8991060025542784"
"0.6344765342960289","0.8989769820971867"
"0.6335740072202166","0.8988476312419974"
"0.6326714801444043","0.8987179487179487"
"0.6326714801444043","0.8998716302952503"
"0.631768953068592","0.8997429305912596"
"0.6308664259927798","0.8996138996138996"
"0.6308664259927798","0.9007731958762887"
"0.6299638989169675","0.9006451612903226"
"0.6290613718411552","0.900516795865633"
"0.628158844765343","0.9003880983182406"
"0.6272563176895307","0.9002590673575129"
"0.6263537906137184","0.9001297016861219"
"0.6254512635379061","0.9"
"0.6245487364620939","0.8998699609882965"
"0.6236462093862816","0.8997395833333334"
"0.6236462093862816","0.9009126466753585"
"0.6236462093862816","0.902088772845953"
"0.6227436823104693","0.9019607843137255"
"0.621841155234657","0.9018324607329843"
"0.621841155234657","0.9030144167758847"
"0.621841155234657","0.9041994750656168"
"0.6209386281588448","0.9040735873850198"
"0.6209386281588448","0.9052631578947369"
"0.6200361010830325","0.9051383399209486"
"0.6191335740072202","0.9050131926121372"
"0.6191335740072202","0.9062087186261559"
"0.618231046931408","0.906084656084656"
"0.6173285198555957","0.9059602649006623"
"0.6164259927797834","0.9058355437665783"
"0.6155234657039711","0.9057104913678619"
"0.6146209386281588","0.9055851063829787"
"0.6137184115523465","0.9054593874833555"
"0.6137184115523465","0.9066666666666666"
"0.6128158844765343","0.9065420560747663"
"0.6119133574007221","0.9064171122994652"
"0.6110108303249098","0.9062918340026773"
"0.6101083032490975","0.9061662198391421"
"0.6092057761732852","0.9060402684563759"
"0.6083032490974729","0.9059139784946236"
"0.6083032490974729","0.9071332436069987"
"0.6083032490974729","0.9083557951482479"
"0.6083032490974729","0.9095816464237517"
"0.6074007220216606","0.9094594594594595"
"0.6074007220216606","0.9106901217861976"
"0.6064981949458483","0.9105691056910569"
"0.605595667870036","0.9104477611940298"
"0.605595667870036","0.9116847826086957"
"0.6046931407942239","0.9115646258503401"
"0.6037906137184116","0.9114441416893733"
"0.6028880866425993","0.9113233287858117"
"0.6028880866425993","0.912568306010929"
"0.601985559566787","0.9124487004103967"
"0.6010830324909747","0.9123287671232877"
"0.6001805054151624","0.9122085048010974"
"0.5992779783393501","0.9120879120879121"
"0.5983754512635379","0.9119669876203577"
"0.5974729241877257","0.9118457300275482"
"0.5974729241877257","0.9131034482758621"
"0.5965703971119134","0.9129834254143646"
"0.5956678700361011","0.9128630705394191"
"0.5956678700361011","0.9141274238227147"
"0.5947653429602888","0.9140083217753121"
"0.5938628158844765","0.9138888888888889"
"0.5938628158844765","0.9151599443671766"
"0.5938628158844765","0.9164345403899722"
"0.5929602888086642","0.9163179916317992"
"0.592057761732852","0.9162011173184358"
"0.5911552346570397","0.916083916083916"
"0.5902527075812274","0.9159663865546218"
"0.5893501805054152","0.9158485273492286"
"0.5884476534296029","0.9157303370786517"
"0.5875451263537906","0.9156118143459916"
"0.5866425992779783","0.9154929577464789"
"0.5866425992779783","0.9167842031029619"
"0.5857400722021661","0.9166666666666666"
"0.5848375451263538","0.9165487977369166"
"0.5839350180505415","0.9164305949008499"
"0.5830324909747292","0.9163120567375886"
"0.5830324909747292","0.9176136363636364"
"0.5821299638989169","0.9174964438122333"
"0.5812274368231047","0.9173789173789174"
"0.5803249097472925","0.9172610556348074"
"0.5794223826714802","0.9171428571428571"
"0.5785198555956679","0.9170243204577968"
"0.5776173285198556","0.9169054441260746"
"0.5767148014440433","0.9167862266857962"
"0.575812274368231","0.9166666666666666"
"0.5749097472924187","0.9165467625899281"
"0.5740072202166066","0.9164265129682997"
"0.5731046931407943","0.9163059163059163"
"0.572202166064982","0.9161849710982659"
"0.5712996389891697","0.9160636758321273"
"0.5703971119133574","0.9159420289855073"
"0.5694945848375451","0.9158200290275762"
"0.5685920577617328","0.9156976744186046"
"0.5676895306859205","0.9155749636098981"
"0.5667870036101083","0.9154518950437318"
"0.5658844765342961","0.9153284671532846"
"0.5658844765342961","0.9166666666666666"
"0.5658844765342961","0.91800878477306"
"0.5658844765342961","0.9193548387096774"
"0.5649819494584838","0.9192364170337739"
"0.5640794223826715","0.9191176470588235"
"0.5631768953068592","0.9189985272459499"
"0.5631768953068592","0.9203539823008849"
"0.5622743682310469","0.9202363367799113"
"0.5613718411552346","0.9201183431952663"
"0.5604693140794224","0.92"
"0.5595667870036101","0.9198813056379822"
"0.5586642599277978","0.9197622585438335"
"0.5577617328519856","0.9196428571428571"
"0.5577617328519856","0.9210134128166915"
"0.5577617328519856","0.9223880597014925"
"0.5568592057761733","0.922272047832586"
"0.555956678700361","0.9221556886227545"
"0.5550541516245487","0.9220389805097451"
"0.5541516245487365","0.9219219219219219"
"0.5532490974729242","0.9218045112781955"
"0.5523465703971119","0.9216867469879518"
"0.5514440433212996","0.9215686274509803"
"0.5505415162454874","0.9214501510574018"
"0.5496389891696751","0.9213313161875946"
"0.5487364620938628","0.9212121212121213"
"0.5478339350180506","0.921092564491654"
"0.5469314079422383","0.9209726443768997"
"0.546028880866426","0.9208523592085236"
"0.5451263537906137","0.9207317073170732"
"0.5442238267148014","0.9206106870229007"
"0.5433212996389891","0.9204892966360856"
"0.5424187725631769","0.9203675344563553"
"0.5415162454873647","0.9202453987730062"
"0.5406137184115524","0.9201228878648233"
"0.5397111913357401","0.92"
"0.5388086642599278","0.9198767334360555"
"0.5379061371841155","0.9197530864197531"
"0.5370036101083032","0.919629057187017"
"0.5361010830324909","0.9195046439628483"
"0.5351985559566786","0.9193798449612403"
"0.5342960288808665","0.9192546583850931"
"0.5342960288808665","0.9206842923794712"
"0.5342960288808665","0.9221183800623053"
"0.5333935018050542","0.921996879875195"
"0.5324909747292419","0.921875"
"0.5315884476534296","0.9217527386541471"
"0.5306859205776173","0.9216300940438872"
"0.5306859205776173","0.9230769230769231"
"0.529783393501805","0.9229559748427673"
"0.5288808664259927","0.9228346456692913"
"0.5279783393501805","0.9227129337539433"
"0.5270758122743683","0.9225908372827805"
"0.5270758122743683","0.9240506329113924"
"0.526173285198556","0.9239302694136292"
"0.5252707581227437","0.9238095238095239"
"0.5243682310469314","0.9236883942766295"
"0.5234657039711191","0.9235668789808917"
"0.5225631768953068","0.9234449760765551"
"0.5216606498194946","0.9233226837060703"
"0.5207581227436823","0.9232"
"0.51985559566787","0.9230769230769231"
"0.5189530685920578","0.9229534510433387"
"0.5180505415162455","0.9228295819935691"
"0.5171480144404332","0.9227053140096618"
"0.516245487364621","0.9225806451612903"
"0.5153429602888087","0.9224555735056543"
"0.5144404332129964","0.9223300970873787"
"0.5135379061371841","0.9222042139384117"
"0.5126353790613718","0.922077922077922"
"0.5126353790613718","0.9235772357723577"
"0.5117328519855595","0.9234527687296417"
"0.5108303249097473","0.9233278955954323"
"0.5108303249097473","0.9248366013071896"
"0.5108303249097473","0.9263502454991817"
"0.509927797833935","0.9262295081967213"
"0.5090252707581228","0.9261083743842364"
"0.5081227436823105","0.9259868421052632"
"0.5072202166064982","0.9258649093904449"
"0.5063176895306859","0.9257425742574258"
"0.5054151624548736","0.9256198347107438"
"0.5045126353790613","0.9254966887417219"
"0.5045126353790613","0.9270315091210614"
"0.5036101083032491","0.9269102990033222"
"0.5027075812274369","0.9267886855241264"
"0.5027075812274369","0.9283333333333333"
"0.5027075812274369","0.9298831385642737"
"0.5027075812274369","0.931438127090301"
"0.5018050541516246","0.931323283082077"
"0.5009025270758123","0.9312080536912751"
"0.5","0.9310924369747899"
"0.4990974729241877","0.930976430976431"
"0.4981949458483754","0.9308600337268128"
"0.4972924187725632","0.9307432432432432"
"0.4963898916967509","0.9306260575296108"
"0.4954873646209386","0.9305084745762712"
"0.49458483754512633","0.9303904923599321"
"0.4936823104693141","0.9302721088435374"
"0.4927797833935018","0.9301533219761499"
"0.4918772563176895","0.9300341296928327"
"0.4918772563176895","0.9316239316239316"
"0.49097472924187724","0.9315068493150684"
"0.490072202166065","0.9313893653516295"
"0.4891696750902527","0.9312714776632303"
"0.48826714801444043","0.9311531841652324"
"0.48826714801444043","0.9327586206896552"
"0.48736462093862815","0.9326424870466321"
"0.48646209386281586","0.9325259515570934"
"0.4855595667870036","0.9324090121317158"
"0.48465703971119134","0.9322916666666666"
"0.48375451263537905","0.9321739130434783"
"0.48285198555956677","0.9320557491289199"
"0.48194945848375453","0.9319371727748691"
"0.48194945848375453","0.9335664335664335"
"0.48104693140794225","0.9334500875656743"
"0.48014440433212996","0.9333333333333333"
"0.47924187725631767","0.9332161687170475"
"0.47833935018050544","0.9330985915492958"
"0.47743682310469315","0.9329805996472663"
"0.47653429602888087","0.9328621908127208"
"0.4756317689530686","0.9327433628318584"
"0.4747292418772563","0.9326241134751773"
"0.47382671480144406","0.9325044404973357"
"0.4729241877256318","0.9323843416370107"
"0.4720216606498195","0.9322638146167558"
"0.4711191335740072","0.9321428571428572"
"0.47021660649819497","0.9320214669051878"
"0.4693140794223827","0.931899641577061"
"0.4684115523465704","0.9317773788150808"
"0.4675090252707581","0.9316546762589928"
"0.4666064981949459","0.9315315315315316"
"0.4657039711191336","0.9314079422382672"
"0.4648014440433213","0.9312839059674503"
"0.463898916967509","0.9311594202898551"
"0.463898916967509","0.9328493647912885"
"0.4629963898916967","0.9327272727272727"
"0.4620938628158845","0.9326047358834244"
"0.4611913357400722","0.9324817518248175"
"0.4602888086642599","0.9323583180987203"
"0.45938628158844763","0.9322344322344323"
"0.4584837545126354","0.9321100917431193"
"0.4575812274368231","0.9319852941176471"
"0.4566787003610108","0.9318600368324125"
"0.45577617328519854","0.9317343173431735"
"0.4548736462093863","0.9316081330868762"
"0.453971119133574","0.9314814814814815"
"0.45306859205776173","0.9313543599257885"
"0.45216606498194944","0.9312267657992565"
"0.45126353790613716","0.931098696461825"
"0.4503610108303249","0.9309701492537313"
"0.44945848375451264","0.930841121495327"
"0.44945848375451264","0.9325842696629213"
"0.44855595667870035","0.9324577861163227"
"0.44765342960288806","0.9323308270676691"
"0.44675090252707583","0.9322033898305084"
"0.44584837545126355","0.9320754716981132"
"0.44494584837545126","0.9319470699432892"
"0.44404332129963897","0.9318181818181818"
"0.44314079422382674","0.9316888045540797"
"0.44223826714801445","0.9315589353612167"
"0.44133574007220217","0.9314285714285714"
"0.4404332129963899","0.9312977099236641"
"0.4395306859205776","0.9311663479923518"
"0.43862815884476536","0.9310344827586207"
"0.43772563176895307","0.9309021113243762"
"0.4368231046931408","0.9307692307692308"
"0.4368231046931408","0.9325626204238922"
"0.4359205776173285","0.9324324324324325"
"0.43501805054151627","0.9323017408123792"
"0.434115523465704","0.9321705426356589"
"0.4332129963898917","0.9320388349514563"
"0.4323104693140794","0.9319066147859922"
"0.4314079422382672","0.9317738791423001"
"0.4305054151624549","0.931640625"
"0.4296028880866426","0.9315068493150684"
"0.4287003610108303","0.9313725490196079"
"0.427797833935018","0.931237721021611"
"0.4268953068592058","0.9311023622047244"
"0.4259927797833935","0.9309664694280079"
"0.4250902527075812","0.9308300395256917"
"0.42418772563176893","0.9306930693069307"
"0.42418772563176893","0.9325396825396826"
"0.4232851985559567","0.9324055666003976"
"0.4223826714801444","0.9322709163346613"
"0.4214801444043321","0.9321357285429142"
"0.42057761732851984","0.932"
"0.4196750902527076","0.9318637274549099"
"0.4196750902527076","0.9337349397590361"
"0.4187725631768953","0.9336016096579477"
"0.41787003610108303","0.9334677419354839"
"0.41696750902527074","0.9333333333333333"
"0.41606498194945846","0.9331983805668016"
"0.4151624548736462","0.9330628803245437"
"0.41425992779783394","0.9329268292682927"
"0.41335740072202165","0.9327902240325866"
"0.41245487364620936","0.9326530612244898"
"0.41245487364620936","0.934560327198364"
"0.41155234657039713","0.9344262295081968"
"0.41155234657039713","0.9363449691991786"
"0.41064981949458484","0.9362139917695473"
"0.40974729241877256","0.9360824742268041"
"0.40884476534296027","0.9359504132231405"
"0.40884476534296027","0.937888198757764"
"0.40794223826714804","0.9377593360995851"
"0.40703971119133575","0.9376299376299376"
"0.40703971119133575","0.9395833333333333"
"0.40613718411552346","0.9394572025052192"
"0.4052346570397112","0.9393305439330544"
"0.4043321299638989","0.939203354297694"
"0.40342960288808666","0.9390756302521008"
"0.40252707581227437","0.9389473684210526"
"0.4016245487364621","0.9388185654008439"
"0.4007220216606498","0.9386892177589852"
"0.39981949458483756","0.9385593220338984"
"0.3989169675090253","0.9384288747346072"
"0.398014440433213","0.9382978723404255"
"0.3971119133574007","0.9381663113006397"
"0.39620938628158847","0.938034188034188"
"0.3953068592057762","0.9379014989293362"
"0.3944043321299639","0.9377682403433476"
"0.3935018050541516","0.9376344086021505"
"0.3925992779783393","0.9375"
"0.3916967509025271","0.937365010799136"
"0.3916967509025271","0.9393939393939394"
"0.3907942238267148","0.9392624728850325"
"0.3898916967509025","0.9391304347826087"
"0.3898916967509025","0.9411764705882353"
"0.38898916967509023","0.9410480349344978"
"0.388086642599278","0.9409190371991247"
"0.3871841155234657","0.9407894736842105"
"0.3862815884476534","0.9406593406593406"
"0.38537906137184114","0.9405286343612335"
"0.3844765342960289","0.9403973509933775"
"0.3835740072202166","0.9402654867256637"
"0.38267148014440433","0.9401330376940134"
"0.38176895306859204","0.94"
"0.38086642599277976","0.9398663697104677"
"0.3799638989169675","0.9397321428571429"
"0.3799638989169675","0.941834451901566"
"0.37906137184115524","0.9417040358744395"
"0.37815884476534295","0.9415730337078652"
"0.37725631768953066","0.9414414414414415"
"0.37635379061371843","0.9413092550790068"
"0.37545126353790614","0.9411764705882353"
"0.37454873646209386","0.9410430839002267"
"0.37454873646209386","0.9431818181818182"
"0.37454873646209386","0.9453302961275627"
"0.37364620938628157","0.9452054794520548"
"0.37274368231046934","0.9450800915331807"
"0.37184115523465705","0.944954128440367"
"0.37093862815884476","0.9448275862068966"
"0.3700361010830325","0.9447004608294931"
"0.36913357400722024","0.9445727482678984"
"0.36823104693140796","0.9444444444444444"
"0.36732851985559567","0.9443155452436195"
"0.3664259927797834","0.9441860465116279"
"0.3655234657039711","0.9440559440559441"
"0.36462093862815886","0.9439252336448598"
"0.3637184115523466","0.9437939110070258"
"0.3628158844765343","0.9436619718309859"
"0.361913357400722","0.9435294117647058"
"0.36101083032490977","0.9433962264150944"
"0.3601083032490975","0.9432624113475178"
"0.3592057761732852","0.943127962085308"
"0.3583032490974729","0.9429928741092637"
"0.3574007220216607","0.9428571428571428"
"0.3564981949458484","0.9427207637231504"
"0.3555956678700361","0.9425837320574163"
"0.3546931407942238","0.9424460431654677"
"0.35379061371841153","0.9423076923076923"
"0.3528880866425993","0.9421686746987952"
"0.3528880866425993","0.9444444444444444"
"0.351985559566787","0.9443099273607748"
"0.3510830324909747","0.9441747572815534"
"0.35018050541516244","0.9440389294403893"
"0.3492779783393502","0.9439024390243902"
"0.3483754512635379","0.9437652811735942"
"0.34747292418772563","0.9436274509803921"
"0.34657039711191334","0.9434889434889435"
"0.3456678700361011","0.9433497536945813"
"0.3447653429602888","0.9432098765432099"
"0.34386281588447654","0.943069306930693"
"0.34296028880866425","0.9429280397022333"
"0.34205776173285196","0.9427860696517413"
"0.34205776173285196","0.9451371571072319"
"0.34115523465703973","0.945"
"0.34025270758122744","0.9448621553884712"
"0.33935018050541516","0.9447236180904522"
"0.33844765342960287","0.9445843828715366"
"0.33844765342960287","0.946969696969697"
"0.33754512635379064","0.9468354430379747"
"0.33664259927797835","0.9467005076142132"
"0.33574007220216606","0.9465648854961832"
"0.3348375451263538","0.9464285714285714"
"0.33393501805054154","0.9462915601023018"
"0.33393501805054154","0.9487179487179487"
"0.33303249097472926","0.9485861182519281"
"0.33212996389891697","0.9484536082474226"
"0.33212996389891697","0.9509043927648578"
"0.3312274368231047","0.9507772020725389"
"0.3312274368231047","0.9532467532467532"
"0.3303249097472924","0.953125"
"0.32942238267148016","0.9530026109660574"
"0.3285198555956679","0.9528795811518325"
"0.3285198555956679","0.9553805774278216"
"0.3276173285198556","0.9552631578947368"
"0.3267148014440433","0.9551451187335093"
"0.32581227436823107","0.955026455026455"
"0.3249097472924188","0.9549071618037135"
"0.3240072202166065","0.9547872340425532"
"0.3240072202166065","0.9573333333333334"
"0.3231046931407942","0.9572192513368984"
"0.322202166064982","0.9571045576407506"
"0.3212996389891697","0.956989247311828"
"0.3203971119133574","0.9568733153638814"
"0.3194945848375451","0.9567567567567568"
"0.3185920577617328","0.9566395663956639"
"0.3176895306859206","0.9565217391304348"
"0.3176895306859206","0.9591280653950953"
"0.3167870036101083","0.9590163934426229"
"0.315884476534296","0.958904109589041"
"0.31498194945848373","0.9587912087912088"
"0.3140794223826715","0.9586776859504132"
"0.3131768953068592","0.9585635359116023"
"0.31227436823104693","0.9584487534626038"
"0.31137184115523464","0.9583333333333334"
"0.3104693140794224","0.958217270194986"
"0.3095667870036101","0.9581005586592178"
"0.3095667870036101","0.9607843137254902"
"0.30866425992779783","0.9606741573033708"
"0.30776173285198555","0.9605633802816902"
"0.30685920577617326","0.96045197740113"
"0.30595667870036103","0.9603399433427762"
"0.30505415162454874","0.9602272727272727"
"0.30415162454873645","0.9601139601139601"
"0.30324909747292417","0.96"
"0.30324909747292417","0.9627507163323782"
"0.30234657039711194","0.9626436781609196"
"0.30144404332129965","0.962536023054755"
"0.30054151624548736","0.9624277456647399"
"0.2996389891696751","0.9623188405797102"
"0.29873646209386284","0.9622093023255814"
"0.29783393501805056","0.9620991253644315"
"0.29693140794223827","0.9619883040935673"
"0.296028880866426","0.9618768328445748"
"0.2951263537906137","0.961764705882353"
"0.29422382671480146","0.9616519174041298"
"0.2933212996389892","0.9615384615384616"
"0.2924187725631769","0.9614243323442137"
"0.2915162454873646","0.9613095238095238"
"0.29061371841155237","0.9611940298507463"
"0.2897111913357401","0.9610778443113772"
"0.2888086642599278","0.960960960960961"
"0.2879061371841155","0.9608433734939759"
"0.2870036101083033","0.9607250755287009"
"0.2870036101083033","0.9636363636363636"
"0.286101083032491","0.9635258358662614"
"0.2851985559566787","0.9634146341463414"
"0.2851985559566787","0.9663608562691132"
"0.2842960288808664","0.9662576687116564"
"0.2833935018050541","0.9661538461538461"
"0.2824909747292419","0.9660493827160493"
"0.2815884476534296","0.9659442724458205"
"0.2806859205776173","0.9658385093167702"
"0.27978339350180503","0.9657320872274143"
"0.2788808664259928","0.965625"
"0.2779783393501805","0.9655172413793104"
"0.2770758122743682","0.9654088050314465"
"0.2770758122743682","0.9684542586750788"
"0.27617328519855594","0.9683544303797469"
"0.2752707581227437","0.9682539682539683"
"0.2743682310469314","0.9681528662420382"
"0.27346570397111913","0.9680511182108626"
"0.27256317689530685","0.967948717948718"
"0.27166064981949456","0.9678456591639871"
"0.27075812274368233","0.967741935483871"
"0.26985559566787004","0.9676375404530745"
"0.26895306859205775","0.9675324675324676"
"0.26805054151624547","0.9674267100977199"
"0.26714801444043323","0.9673202614379085"
"0.26714801444043323","0.9704918032786886"
"0.26624548736462095","0.9703947368421053"
"0.26534296028880866","0.9702970297029703"
"0.2644404332129964","0.9701986754966887"
"0.26353790613718414","0.9700996677740864"
"0.26263537906137185","0.97"
"0.26173285198555957","0.9698996655518395"
"0.2608303249097473","0.9697986577181208"
"0.259927797833935","0.9696969696969697"
"0.25902527075812276","0.9695945945945946"
"0.2581227436823105","0.9694915254237289"
"0.2572202166064982","0.9693877551020408"
"0.2563176895306859","0.9692832764505119"
"0.25541516245487367","0.9691780821917808"
"0.2545126353790614","0.9690721649484536"
"0.2536101083032491","0.9689655172413794"
"0.2527075812274368","0.9688581314878892"
"0.2518050541516246","0.96875"
"0.2509025270758123","0.9686411149825784"
"0.25","0.9685314685314685"
"0.2490974729241877","0.968421052631579"
"0.24819494584837545","0.9683098591549296"
"0.24729241877256317","0.9681978798586572"
"0.2463898916967509","0.9680851063829787"
"0.24548736462093862","0.9679715302491103"
"0.24458483754512636","0.9678571428571429"
"0.24368231046931407","0.967741935483871"
"0.2427797833935018","0.9676258992805755"
"0.24187725631768953","0.9675090252707581"
"0.24097472924187727","0.967391304347826"
"0.24007220216606498","0.9672727272727273"
"0.23916967509025272","0.9671532846715328"
"0.23826714801444043","0.967032967032967"
"0.23736462093862815","0.9669117647058824"
"0.2364620938628159","0.966789667896679"
"0.2355595667870036","0.9666666666666667"
"0.2355595667870036","0.9702602230483272"
"0.23465703971119134","0.9701492537313433"
"0.23375451263537905","0.9700374531835206"
"0.2328519855595668","0.9699248120300752"
"0.2319494584837545","0.969811320754717"
"0.23104693140794225","0.9696969696969697"
"0.23014440433212996","0.9695817490494296"
"0.2292418772563177","0.9694656488549618"
"0.2283393501805054","0.9693486590038314"
"0.22743682310469315","0.9692307692307692"
"0.22653429602888087","0.9691119691119691"
"0.22563176895306858","0.9689922480620154"
"0.22472924187725632","0.9688715953307393"
"0.22382671480144403","0.96875"
"0.22292418772563177","0.9686274509803922"
"0.22202166064981949","0.968503937007874"
"0.22111913357400723","0.9683794466403162"
"0.22021660649819494","0.9682539682539683"
"0.21931407942238268","0.9681274900398407"
"0.2184115523465704","0.968"
"0.21750902527075813","0.9678714859437751"
"0.21660649819494585","0.967741935483871"
"0.2157039711191336","0.9676113360323887"
"0.2148014440433213","0.967479674796748"
"0.213898916967509","0.9673469387755103"
"0.21299638989169675","0.9672131147540983"
"0.21209386281588447","0.9670781893004116"
"0.2111913357400722","0.9669421487603306"
"0.2111913357400722","0.970954356846473"
"0.21028880866425992","0.9708333333333333"
"0.20938628158844766","0.9707112970711297"
"0.20848375451263537","0.9705882352941176"
"0.2075812274368231","0.9704641350210971"
"0.20667870036101083","0.9703389830508474"
"0.20577617328519857","0.9702127659574468"
"0.20487364620938628","0.9700854700854701"
"0.20397111913357402","0.9699570815450643"
"0.20306859205776173","0.9698275862068966"
"0.20216606498194944","0.9696969696969697"
"0.20126353790613719","0.9695652173913043"
"0.2003610108303249","0.9694323144104804"
"0.19945848375451264","0.9692982456140351"
"0.19855595667870035","0.9691629955947136"
"0.1976534296028881","0.9690265486725663"
"0.1976534296028881","0.9733333333333334"
"0.1967509025270758","0.9732142857142857"
"0.19584837545126355","0.9730941704035875"
"0.19494584837545126","0.972972972972973"
"0.19494584837545126","0.9773755656108597"
"0.194043321299639","0.9772727272727273"
"0.1931407942238267","0.9771689497716894"
"0.19223826714801445","0.9770642201834863"
"0.19133574007220217","0.9769585253456221"
"0.19043321299638988","0.9768518518518519"
"0.19043321299638988","0.9813953488372092"
"0.19043321299638988","0.985981308411215"
"0.18953068592057762","0.9859154929577465"
"0.18862815884476533","0.9858490566037735"
"0.18772563176895307","0.985781990521327"
"0.18682310469314078","0.9857142857142858"
"0.18592057761732853","0.9856459330143541"
"0.18501805054151624","0.9855769230769231"
"0.18411552346570398","0.9855072463768116"
"0.1832129963898917","0.9854368932038835"
"0.18231046931407943","0.9853658536585366"
"0.18140794223826714","0.9852941176470589"
"0.18050541516245489","0.9852216748768473"
"0.1796028880866426","0.9851485148514851"
"0.17870036101083034","0.9850746268656716"
"0.17779783393501805","0.985"
"0.17689530685920576","0.9849246231155779"
"0.1759927797833935","0.9848484848484849"
"0.17509025270758122","0.9847715736040609"
"0.17418772563176896","0.9846938775510204"
"0.17328519855595667","0.9846153846153847"
"0.1723826714801444","0.9845360824742269"
"0.17148014440433212","0.9844559585492227"
"0.17057761732851986","0.984375"
"0.16967509025270758","0.9842931937172775"
"0.16877256317689532","0.9842105263157894"
"0.16787003610108303","0.9841269841269841"
"0.16696750902527077","0.9840425531914894"
"0.16606498194945848","0.983957219251337"
"0.1651624548736462","0.9838709677419355"
"0.16425992779783394","0.9837837837837838"
"0.16335740072202165","0.9836956521739131"
"0.1624548736462094","0.9836065573770492"
"0.1615523465703971","0.9835164835164835"
"0.16064981949458484","0.9834254143646409"
"0.15974729241877256","0.9833333333333333"
"0.1588447653429603","0.9832402234636871"
"0.157942238267148","0.9831460674157303"
"0.15703971119133575","0.9830508474576272"
"0.15613718411552346","0.9829545454545454"
"0.1552346570397112","0.9828571428571429"
"0.15433212996389892","0.9827586206896551"
"0.15342960288808663","0.9826589595375722"
"0.15252707581227437","0.9825581395348837"
"0.15162454873646208","0.9824561403508771"
"0.15072202166064982","0.9823529411764705"
"0.14981949458483754","0.9822485207100592"
"0.14891696750902528","0.9821428571428571"
"0.148014440433213","0.9820359281437125"
"0.14711191335740073","0.9819277108433735"
"0.14620938628158844","0.9818181818181818"
"0.14620938628158844","0.9878048780487805"
"0.14530685920577618","0.9877300613496932"
"0.1444043321299639","0.9876543209876543"
"0.14350180505415164","0.9875776397515528"
"0.14259927797833935","0.9875"
"0.14169675090252706","0.9874213836477987"
"0.1407942238267148","0.9873417721518988"
"0.13989169675090252","0.9872611464968153"
"0.13898916967509026","0.9871794871794872"
"0.13808664259927797","0.9870967741935484"
"0.13808664259927797","0.9935064935064936"
"0.1371841155234657","0.9934640522875817"
"0.13628158844765342","0.993421052631579"
"0.13537906137184116","0.9933774834437086"
"0.13447653429602888","0.9933333333333333"
"0.13357400722021662","0.9932885906040269"
"0.13267148014440433","0.9932432432432432"
"0.13176895306859207","0.9931972789115646"
"0.13086642599277978","0.9931506849315068"
"0.1299638989169675","0.993103448275862"
"0.12906137184115524","0.9930555555555556"
"0.12815884476534295","0.993006993006993"
"0.1272563176895307","0.9929577464788732"
"0.1263537906137184","0.9929078014184397"
"0.12545126353790614","0.9928571428571429"
"0.12454873646209386","0.9928057553956835"
"0.12364620938628158","0.9927536231884058"
"0.12274368231046931","0.9927007299270073"
"0.12184115523465704","0.9926470588235294"
"0.12093862815884476","0.9925925925925926"
"0.12003610108303249","0.9925373134328358"
"0.11913357400722022","0.9924812030075187"
"0.11823104693140794","0.9924242424242424"
"0.11732851985559567","0.9923664122137404"
"0.1164259927797834","0.9923076923076923"
"0.11552346570397112","0.9922480620155039"
"0.11462093862815885","0.9921875"
"0.11371841155234658","0.9921259842519685"
"0.11281588447653429","0.9920634920634921"
"0.11191335740072202","0.992"
"0.11101083032490974","0.9919354838709677"
"0.11010830324909747","0.991869918699187"
"0.1092057761732852","0.9918032786885246"
"0.10830324909747292","0.9917355371900827"
"0.10740072202166065","0.9916666666666667"
"0.10649819494584838","0.9915966386554622"
"0.1055956678700361","0.9915254237288136"
"0.10469314079422383","0.9914529914529915"
"0.10379061371841156","0.9913793103448276"
"0.10288808664259928","0.991304347826087"
"0.10198555956678701","0.9912280701754386"
"0.10108303249097472","0.9911504424778761"
"0.10018050541516245","0.9910714285714286"
"0.09927797833935018","0.990990990990991"
"0.0983754512635379","0.990909090909091"
"0.09747292418772563","0.9908256880733946"
"0.09747292418772563","1"
"0.09657039711191336","1"
"0.09566787003610108","1"
"0.09476534296028881","1"
"0.09386281588447654","1"
"0.09296028880866426","1"
"0.09205776173285199","1"
"0.09115523465703972","1"
"0.09025270758122744","1"
"0.08935018050541517","1"
"0.08844765342960288","1"
"0.08754512635379061","1"
"0.08664259927797834","1"
"0.08574007220216606","1"
"0.08483754512635379","1"
"0.08393501805054152","1"
"0.08303249097472924","1"
"0.08212996389891697","1"
"0.0812274368231047","1"
"0.08032490974729242","1"
"0.07942238267148015","1"
"0.07851985559566788","1"
"0.0776173285198556","1"
"0.07671480144404332","1"
"0.07581227436823104","1"
"0.07490974729241877","1"
"0.0740072202166065","1"
"0.07310469314079422","1"
"0.07220216606498195","1"
"0.07129963898916968","1"
"0.0703971119133574","1"
"0.06949458483754513","1"
"0.06859205776173286","1"
"0.06768953068592058","1"
"0.06678700361010831","1"
"0.06588447653429604","1"
"0.06498194945848375","1"
"0.06407942238267147","1"
"0.0631768953068592","1"
"0.06227436823104693","1"
"0.061371841155234655","1"
"0.06046931407942238","1"
"0.05956678700361011","1"
"0.058664259927797835","1"
"0.05776173285198556","1"
"0.05685920577617329","1"
"0.05595667870036101","1"
"0.055054151624548735","1"
"0.05415162454873646","1"
"0.05324909747292419","1"
"0.052346570397111915","1"
"0.05144404332129964","1"
"0.05054151624548736","1"
"0.04963898916967509","1"
"0.048736462093862815","1"
"0.04783393501805054","1"
"0.04693140794223827","1"
"0.046028880866425995","1"
"0.04512635379061372","1"
"0.04422382671480144","1"
"0.04332129963898917","1"
"0.042418772563176894","1"
"0.04151624548736462","1"
"0.04061371841155235","1"
"0.039711191335740074","1"
"0.0388086642599278","1"
"0.03790613718411552","1"
"0.03700361010830325","1"
"0.036101083032490974","1"
"0.0351985559566787","1"
"0.03429602888086643","1"
"0.033393501805054154","1"
"0.032490974729241874","1"
"0.0315884476534296","1"
"0.030685920577617327","1"
"0.029783393501805054","1"
"0.02888086642599278","1"
"0.027978339350180504","1"
"0.02707581227436823","1"
"0.026173285198555957","1"
"0.02527075812274368","1"
"0.024368231046931407","1"
"0.023465703971119134","1"
"0.02256317689530686","1"
"0.021660649819494584","1"
"0.02075812274368231","1"
"0.019855595667870037","1"
"0.01895306859205776","1"
"0.018050541516245487","1"
"0.017148014440433214","1"
"0.016245487364620937","1"
"0.015342960288808664","1"
"0.01444043321299639","1"
"0.013537906137184115","1"
"0.01263537906137184","1"
"0.011732851985559567","1"
"0.010830324909747292","1"
"0.009927797833935019","1"
"0.009025270758122744","1"
"0.008122743682310469","1"
"0.007220216606498195","1"
"0.00631768953068592","1"
"0.005415162454873646","1"
"0.004512635379061372","1"
"0.0036101083032490976","1"
"0.002707581227436823","1"
"0.0018050541516245488","1"
"0.0009025270758122744","1"
"0","1"